timestamp,temperature,humidity,pollution,vibration
0,20.0,73.6000886275579,50.0,25.82589698682102
1,16.93086784941441,58.583984097721526,37.63271464942364,18.682655599389946
2,14.715081941052592,47.26556096146855,28.835180311883406,11.993327733751773
3,13.269334578098716,38.27888472277803,16.974794735801193,6.463803590171356
4,11.161857704022239,31.829548572291124,8.946068957101025,-0.34544556101272494
5,9.370510569944313,25.32664002385792,2.8321073540239796,-8.81819119054977
6,8.754540392206362,21.596632817252676,5.700042530841895,-3.1681527690557445
7,7.825076697951862,19.824757251857267,4.165205724120933,-4.300105198648831
8,6.416578000291606,17.203302372704993,2.8109996140351847,-1.3146344649266946
9,5.725371322040847,13.70319038992227,3.0786430031339282,2.4424894825973817
10,4.634856777328489,10.626733964510606,0.2282427138946237,0.8889908610511227
11,3.706763383944087,8.929088805754343,-0.20087303123420608,1.189241415660414
12,3.2717300121354915,5.658115295884343,-2.507429434083033,-4.479525240778646
13,1.824330387986269,3.0929563834251645,-0.544308762470392,0.006975766058785943
14,0.6882219135318122,2.4108037203882327,-2.2843172405732437,-5.885019953920562
15,0.30384486188155396,1.6080467291832807,-0.8773099488437622,-4.875396543769796
16,-0.24814742756789104,2.8573951047132606,1.5071035480111212,-5.3215524515968475
17,-0.053801647135070435,1.740004964763613,0.8206681267824918,-3.1594730550429437
18,-0.4997434378254153,0.004692688459059069,2.22579738983037,-1.725937626582576
19,-1.1309337728192488,-1.41479603126034,-0.8615689307471917,-6.389066439410283
20,-0.22846932243558438,-0.6802328695058504,-2.9841054841284973,-6.4528656103277084
21,-0.30708707431351456,-0.8172302995899619,-1.6491301968271899,-8.024060941697178
22,-0.22725991082252545,1.5623701800810372,-1.5802293980275834,-6.900720936071886
23,-0.905545017305875,0.3269308608941802,-3.929158865429687,-4.1041795603602145
24,-1.0419046269725851,0.07113087471492219,-3.7163732368853393,-7.5335368832877085
25,-0.8301576380717643,0.9165505419930231,-0.19793710105532858,1.119756695942025
26,-1.281130781072151,0.1747051995869069,-1.5501620357424333,-1.2967237772882183
27,-0.9011121547384924,0.7535339481975504,-1.0347507155825946,1.192396194935069
28,-1.0662646764871209,0.7337116786846154,-1.5065818105152737,7.162909768534203
29,-1.0521718499106911,1.260560367498091,-0.6683290203226157,-0.6060281844799287
30,-1.195199378538786,-0.6690054298570121,0.23075154966389083,-1.602099911770753
31,-0.08978037950349915,0.8407542383645146,1.3439028490157376,-1.5002585728706865
32,-0.08306193494694124,0.49975517767598204,1.9815517336917368,-3.336083094823242
33,-0.5994581091828503,0.19410955287741094,3.0375309918220745,1.9021297662210355
34,-0.0982669367538282,0.003626622470060209,2.9786787086665996,0.9233355249158126
35,-0.693948721226265,1.2125418271486237,2.476355147706306,4.592151135844265
36,-0.4854246155399476,-1.0559954498683315,0.7052242469577916,0.8296249527842484
37,-1.3924459851488433,-0.16186304273161567,-5.653720657649076,-0.38328512592026565
38,-1.847672111825732,-1.33919933676553,-4.747922601039462,-1.996716736098434
39,-1.4720906771173103,0.4349307434948779,-4.914344188651779,-3.142548908120724
40,-0.8820437855520086,1.745326142122602,-4.846443955382341,-1.8192278622787166
41,-0.6640530771242221,2.4129569308644365,-6.867296122844286,-0.6265019913051844
42,-0.622269256749709,2.6691384388040253,-3.3054907700167546,-2.6956475480732127
43,-0.679480716031897,4.250003424296999,-6.041749827919033,-5.444928667633226
44,-1.316819603810826,2.2472064604782833,-3.3922029107685496,-5.175935242899284
45,-1.4792187674365564,0.8972696740848942,-2.845209711858794,-3.8189403925755925
46,-1.4876553378009667,-0.17388017096965724,-1.1274324499248576,-6.359100209356295
47,-0.7359459240213637,1.0710888896758524,0.9513811458348572,-4.126357285788937
48,-0.4537448906339284,-0.3764228980850505,4.683211175904262,2.2012274215974825
49,-1.2672032347202062,0.06224713172672258,6.021789638631205,-1.6966456047473433
50,-0.9150807648147778,-0.19772356399915392,6.332448520312554,-0.9187524572661867
51,-0.9703597903007194,-1.4163806052208718,7.323389092538372,5.841634708184724
52,-1.1632668219085909,-2.5032976681944965,5.224018945657389,1.9767121137977028
53,-0.6829386542018683,-2.6561770749004356,3.8374723025412383,-1.3300720533429529
54,-0.06499809482361252,-3.307278908535589,1.7257169862570723,-0.18140478771681234
55,0.41039167895802864,-1.8410110051839015,1.8093273615702605,0.10728455784657948
56,-0.07077583449699493,-0.9219264897463577,3.4924888095437394,3.3746621968933006
57,-0.21476564724805297,0.08568400535806164,2.4061120742641813,-2.6624056260357643
58,-0.01691908445906304,-0.4784165019484176,1.6826632551860181,-1.3692110018580905
59,0.473391341770976,0.232730750730841,-0.09919618851869205,-0.8715145891752094
60,0.16279552158268465,0.016268677968963283,3.119929399245333,0.19768495544000564
61,0.04554670501337339,0.6195415398782411,2.2211765531686343,-1.9279574588672372
62,-0.5144527877416467,0.5353426365672082,2.6776409272533677,-0.1346224627035406
63,-1.035388181620735,0.06331468430951726,1.4773950057099916,3.4715801788979004
64,-0.47381704318052575,-1.5911021868338895,1.9605916080953816,2.660973062183799
65,0.2753755275819646,-1.0169021194584493,-2.265773836663116,0.9804302195686692
66,0.19806413765450298,-0.744762738223282,-1.320192047242719,1.7062247673684605
67,0.6701209659523396,-0.9660584416583455,-2.158293709164008,-0.10623082011419949
68,0.7504208335833058,-0.9216899953287383,1.1055534118131165,-1.3316099891287994
69,0.3152978312432478,-2.25916546658443,2.3255628133891157,0.6550491389375674
70,0.44870095931096754,-2.020371188082845,1.0675531750068366,4.726526711852283
71,1.150414098647307,-0.593771802982694,-0.7005882033007191,4.351114528446928
72,0.9599389642952352,1.6143938685855306,-2.377031819521406,1.2763345105150274
73,1.5982699475579532,0.8221517802103891,-0.5405497875643965,4.585317610571731
74,0.048656903379387995,-0.23773308992358938,-1.7639701340098293,5.041477552615611
75,0.45230962006009173,-0.894625424820731,2.1687400627462905,7.6826228844568965
76,0.42798671117016357,-0.7896952922655038,-0.5853271662156261,-1.654583238588223
77,0.21428502926170528,-0.9703071577107095,-1.7320321299440369,-0.782769997030059
78,0.22802266314020064,0.06866339426430244,-3.2342219114291124,4.267888252123148
79,-0.7999651936312758,0.3275841414210048,-5.181716763541955,6.745190482070777
80,-0.7898063585053404,0.2951443761565423,-2.8460950678020907,3.9333623076422737
81,-0.4927791189736661,0.1902748450449649,-3.613154949400424,-0.0290002591408558
82,0.3200847712431419,1.8023678026230197,-0.21386459846167227,-1.879214481997823
83,0.012936946419846884,1.4278764556555192,-0.08617898554527824,-1.2865612955877395
84,-0.39325039698972397,2.3547366083604424,-3.8541819100455847,-2.2499442147703586
85,-0.5851413592335337,0.037124818296599194,-4.4278292442488,-0.7437598580114578
86,-0.03966909649746658,2.079042727264837,-3.2138754635957674,-1.2288394710752615
87,0.13065682280699564,1.1301762804990414,0.2123228834372366,-2.055587999956545
88,-0.1538218024975731,-0.3865170490324987,-0.9184769778311387,-2.320452475483286
89,0.12588518443374092,-0.20986150975393297,-1.3148825693485264,-2.2790059304027444
90,0.15554118144269996,-1.3207843926718772,-4.0318654136852015,-3.930786981679586
91,0.6165324994927396,-0.17660273403075222,-0.38502828504895836,-6.04465703159201
92,0.17302607763015243,-0.8506600544480726,-4.784805292416569,-5.699518169076461
93,-0.01675890731325455,-0.5265849206225932,-2.907328033482584,-5.149327526555845
94,-0.21029914778234518,-1.5606631132487165,-2.145472921795924,-4.278946251892717
95,-0.9105117496810526,-2.0075448358471553,-0.9394620497024417,-5.563316056050461
96,-0.6258748486966067,-1.4655394562065687,0.539667927190425,-1.246102793832399
97,-0.40146598530217104,-1.3195178845114302,2.4321162726725927,1.0210581419348026
98,-0.33868935918561494,0.4971114321735108,1.7163653335858347,-6.542973016952936
99,-0.4051795219953461,0.8644758890500008,-2.3051637258378266,-2.1077917772395054
100,-1.0520879647212513,0.368517345604666,1.4848461449011872,-0.08089784268763378
101,-1.1045974313957432,-1.7691106270598118,-0.25136133640279645,0.8595619264403647
102,-1.1102650749497665,-1.219547626232587,1.582723387528169,2.842050460852605
103,-1.3448639483181108,-0.07993558798308276,0.47114263179071436,3.727912170694998
104,-1.2237772119033987,-0.8823235419844792,1.7845156556720023,-0.8768456577642901
105,-0.8381852017106196,-0.8343462616942731,1.1179976054122123,4.01688063158136
106,0.23063552915123842,-3.1012068498035057,-0.11950626503169659,0.05067806239943634
107,0.2833291061944721,-3.6855774325023347,1.6234062310703117,-0.4261930223226208
108,0.36960493562668345,-4.961188558682642,-3.9349801571815965,0.5203695646472095
109,0.2769412373995973,-3.9045476296852195,-3.5294531218436114,-5.135662050507608
110,-0.723985555859863,-3.9500358400591304,-2.512767153095072,1.026720020179053
111,-0.628644660205492,-3.3266550685263425,-1.126492757758296,-1.1662349165070278
112,-0.504232856204155,-3.126030190775849,-2.048176038384715,-2.699511351886354
113,0.8030231284691113,-0.6800743225503598,-5.393086232158576,4.383006664543197
114,0.5863891768081833,-1.842186439874923,-3.221790923688226,-2.128085683143928
115,0.6492044714537619,-1.4510483046665323,-4.728141059840366,-7.596398088193338
116,0.534467915883076,-0.5809245689468918,-2.1630294659754283,-3.225772377581823
117,-0.13004129030915146,-1.0539034624922206,-0.8771491887024397,-4.888490894478007
118,0.46087631049473154,-0.5728328836381118,-0.7714438080340199,-5.900562070561146
119,0.7677113802639088,-1.0361865378276343,2.414375671409827,-3.2463340819856676
120,1.0480706467458458,-0.8927989300132181,3.9463210423970088,-0.25924829230953317
121,0.43616632233659947,-0.2989950773895752,0.5930060909817509,-1.4501492506305473
122,1.072138529454159,-1.7888687594019943,-3.2871495016237886,-0.3627317164699798
123,0.21039221863989466,-2.060495802245414,0.3652719727763021,-3.6282926601048677
124,0.4722619327440456,-2.050733116987621,4.737517842107566,3.3504069885037593
125,1.496650455737428,-0.9694141971264795,1.7501255920886638,-3.7894508243043115
126,0.7768847248114696,0.6820823586450857,1.7121754939722198,-1.6843002469612829
127,0.3772031512883632,-0.09557888172730065,-0.8215828382404218,3.6676225733172334
128,0.3704483611389293,1.4332316560348153,-2.010423996251203,0.11606291674373959
129,0.0631432799099903,2.0598937180514145,4.394399567615884,4.765393676619418
130,-0.7216599276095745,1.1206989320997043,3.8479518645320954,0.04477489169545734
131,-0.5791294510651247,0.9555803273286146,2.773206651320026,-3.9445985399483394
132,-1.0234118902684084,0.5342161767164061,2.156266091847525,-7.754126464298052
133,-0.6331038914105563,-0.2971742186310139,-1.059685196174147,-6.968874807668897
134,-0.9978504248158744,0.024821942513724937,-0.05781932527954592,0.8685611827077634
135,-0.0732056585847235,-0.12176718912794546,3.623151725489851,2.633566118774221
136,-0.45385145596513354,-0.3599688997328826,5.434892436222901,4.694730856883999
137,-0.5468044956732012,-2.636951042315294,2.748181031759845,11.619291376342982
138,-0.05802521263738614,-2.739138235342736,0.10244118654749768,7.150429019980715
139,-0.6647535889587558,-2.107678370980002,1.3741129530537624,3.8535801385168553
140,-0.4513105833128777,-2.78117812898947,0.9945753306463815,3.046953116605038
141,0.26995738132526803,-1.484502908341028,0.4226284568650415,4.703651868282075
142,-0.574277843154136,-2.2643535542001083,-1.2594692048447376,2.396047360235917
143,-0.39581923741486347,-0.8045029331312006,0.7120309994233491,2.865981428789378
144,-0.20650495467842217,0.6631362188363823,0.5750449633750062,0.9154631940887801
145,0.21538222441199634,0.9426411318462109,0.28239321399043593,0.2509311365009955
146,-0.4354004646888441,0.29507619739370283,0.2126512444705816,4.562027593646902
147,-1.0303187015276556,-0.2186898060398358,0.9184268183531014,1.5570819558350335
148,-0.6148001134900585,-0.07940805857106525,-1.4105398557191497,1.225608605671364
149,-0.3740877598499567,1.1821450783444862,-3.1471822854681744,-0.4911708912011006
150,-0.19272817069952491,3.4968973986472465,-7.3518500598276795,-1.4414697744502456
151,0.00940515965389166,1.5495476271305564,-4.537098469908512,-3.598611819621852
152,-0.3320179750834375,-0.04865115466927755,0.6089861204208753,-0.53024604883281
153,-0.16608843024042008,1.365747329420929,2.458788438856229,0.2531562627987195
154,0.005361070944983559,0.0184018080108084,1.6336719115418796,2.9670193310175472
155,-0.3526187987099479,-1.6292458293865422,-1.171581851356228,0.2031624739964098
156,0.6331612766689225,1.4136487056361917,-1.6114007284896337,2.9313709948706985
157,0.7751035456244779,1.0142310808826287,-2.4682240783994307,5.531201476166356
158,0.06318626517948189,0.15196198068653743,-1.0881857360819227,4.612449243386189
159,0.38198512971947446,-0.18650573229173334,-1.352891055726398,2.9494191945932755
160,-0.16265347485210746,0.08373951210184005,-0.13228353923374114,2.76638723795916
161,0.2552868482469347,-0.8282888979797097,-0.9821761632134656,3.9177409319153713
162,0.7962916105135965,1.4914893234479387,-3.4692773204642378,1.1164108583143628
163,0.2665067097607018,1.6649436352398554,0.9227284807093441,5.251862510374567
164,0.7082187679187575,1.593240946934831,-2.11534350223897,5.573741475670095
165,0.808376416199193,0.8620886201989085,-4.034255664504736,2.846052219751022
166,1.098150033766559,1.0810976546390672,-4.376099888428438,-0.13294618463885888
167,1.881824020028549,2.57098548463994,-4.249797564098499,3.3142133975591705
168,1.4768563590228314,4.62774146433577,-1.4639623048591441,-0.4766658108056665
169,0.8784598229906618,4.976021651684414,-0.3030925969906707,-1.864978444259522
170,0.3019336347293009,4.691612906832839,-1.1984966786837687,-4.874106540404241
171,-0.1512615529628134,3.499740586699886,0.11305193064620711,-4.2484799279330385
172,-0.1671231747254435,3.973782386981434,4.4874524558669755,2.2085837696861015
173,0.028521288891694974,2.9171665666877136,3.874549883287549,3.2881973616946363
174,0.16258849522295027,2.734752476813408,3.1416090665708025,2.8171611311266136
175,0.5517918454575197,3.621253127831197,3.611804559048424,3.6627657479687104
176,0.4755240145778452,3.5003392188228526,0.7204627578203793,5.63098023278238
177,1.1309624509698268,2.624141160381874,6.0952595234026035,3.8934767542367132
178,0.8289896667053747,0.48765198731926573,7.300297501426519,4.906224744118621
179,2.064725799994378,1.8272269946194861,3.9674461062201294,4.336493064823288
180,2.0678506038777242,1.855292560819565,3.895662333061007,2.5185889702722393
181,1.3290942350879242,2.1640656141208297,-1.4705791965513915,-2.1033979658823467
182,0.5942838507941793,1.440230312752956,-0.37679832766657373,-5.411752716949394
183,0.746377480796645,0.9318191712538836,-0.25956626441197667,-7.388641279442761
184,0.5226894660142228,1.7214606471199385,0.5838343655214271,-5.721947619521022
185,0.8012862931581354,2.609739227459042,-0.8951438498515132,-1.7591319279763928
186,0.9177121614711874,0.1417532754820115,1.5458253701399651,0.9278432488389803
187,0.7436408809220728,-1.4260564937785944,-0.8056692745758254,5.027503095207127
188,0.20869788974955944,-1.3030780846925134,1.8280543352261809,2.778165791481088
189,-0.5800304060558068,-1.647517173106392,0.44882627882645965,4.083265778439375
190,-0.7162833211809463,-1.705076658416398,-3.3986576990935333,-1.5444971822092173
191,-0.18064142584206822,-0.2975189952259542,-3.3796479756542377,1.323774673238399
192,-0.04649833990065601,1.8179440771522812,1.2056880653042064,2.0680748836869776
193,-0.6623929782715516,-0.033271500647778174,-2.430671414173509,3.780578636103398
194,-0.47644356860522785,-0.08426320052272218,-3.859088311964024,1.6655645845623317
195,-0.2123183434500253,-0.0036968368214315706,-2.0623944053380776,-6.217223145168951
196,-0.622399310033088,-0.1352815591220511,-3.447242635916833,-1.8172932318466974
197,-0.4521768605553608,-1.3273003012542564,-3.3256580597256145,0.8694538783592749
198,-0.35524597224905674,-0.616797289443059,-3.9488476046761445,-5.1403324120460745
199,-0.8734442253270098,-0.8882301507759636,-1.4962999004760282,-5.770001283698566
200,-0.5635339113538167,1.3943265284372692,-1.5673609677364997,-1.759889667240761
201,-0.198611561466627,1.646625053489617,1.2970317008261163,1.282320549836947
202,0.3727057943410056,0.954979969290989,-2.3686549201382823,4.910328565498762
203,0.8437009512073061,-0.38538955088027244,1.199320021494255,7.645629189751319
204,0.028311124547664712,-0.8771687105530973,2.3766398564997644,5.105554554722811
205,-0.44484806409204636,-1.7992698541661656,2.0088570937305477,-1.560192687364451
206,-0.12060322087390951,-1.7283667379456038,2.1708259202637294,-1.2549043375367357
207,0.1543802377132813,-0.8916168495977331,0.5030865965227251,-1.3168565431664363
208,0.388747045209313,-0.32297658683586555,-1.5955125631559455,-1.2603323738565348
209,2.2568007337552767,1.2448864625090705,2.29981891514213,4.84120908969607
210,2.2037258790385685,2.634833220617386,1.3243763493111,0.08739271874782706
211,2.440949817273083,2.9545472123520375,-1.4576474625480902,2.0960072041642643
212,2.5518082264287214,5.461646808231136,-0.17952218638624118,7.79286930159277
213,2.494732618117312,4.815083781411382,0.29546014861614345,2.8571125292904775
214,1.9628881030795424,3.3957317439664805,1.7940518640018763,0.4427209553191481
215,2.047939497864245,1.520640064099307,0.26689289785910675,2.582559027535875
216,1.3543359659158223,-0.31974516573740197,-1.6614198689680792,4.4867104697885205
217,1.0327762676584444,0.5893601363451617,-3.4136157037332215,1.1649563192466976
218,0.635178053595126,0.9623806176427228,-4.585496799346465,0.2782105890041502
219,0.5808384152490184,0.7032797742095118,-1.8934002481096808,-3.428458420295438
220,1.6510419362984199,1.1260979538394607,-0.428315647496302,0.4291156188740958
221,0.46975304955778285,-0.5980248456218554,1.3730548035414765,-1.0274380717201945
222,0.7424201873113722,-0.4198725742661483,1.8377814112256183,-0.12947370357789567
223,-0.1753007763801595,-0.7675041303977193,0.18761916740485418,-1.1922854775244982
224,-0.3849715928178523,-2.826597458040202,4.786324177169204,3.3173523360325987
225,0.2172494445885086,-1.202250610113373,2.9601718993432904,0.5579905409931497
226,0.21680203744796367,-2.9863613467605226,-1.4645058025996724,-3.4855884645534543
227,-0.35459065713388394,-2.4415666319600517,0.6083094909331335,-1.774601474251916
228,-0.6590539131937854,-2.282579653178918,-0.36486652410884846,1.9714664374537951
229,-0.2203969517473796,-1.3501208796185915,-0.8484920571078203,0.4325107036227532
230,-0.552520724843841,-2.01378795079392,-1.081893096641109,5.521360060785432
231,-0.3614133213262774,0.11095195557584331,-0.09605101775354363,5.459538431777581
232,-0.2844154031754289,0.7832445827601635,-2.446850429107591,1.636766790314318
233,-0.5675532665020231,1.0016664069557222,-2.5971632522699943,0.42235340926112064
234,0.5895517681359432,1.3122032967101123,-1.8237629842947265,1.624812987021444
235,0.8180785140745575,1.1855647846662236,1.314891299870906,5.402247179932308
236,-0.31720455636542977,1.1400425849421658,-0.807471803587813,9.240497290268184
237,-0.17639671552590147,2.2406064136265607,-1.7692792098157923,8.652055920999189
238,-0.48083044058121027,2.932526249071548,1.1010560141975942,8.562302066404609
239,0.01751079290408325,2.5489664279275575,1.9554420550798004,7.9156214786856705
240,-0.3813761952478796,1.7975097769357098,1.68994295206472,8.462251158239875
241,-0.3815379866941471,1.6897499802323708,-0.31191170162987425,0.7570050276943787
242,-0.07181364919979649,1.2234626688332562,1.8619871170931146,4.050992267234048
243,0.3718359952652337,0.5374560366654952,1.2167867806541426,2.3129875229933896
244,-0.2840876075524395,0.17021224510939015,0.994406039448946,5.003111087902765
245,-0.40872508434004773,0.45803683730653305,0.8510284906186147,7.695564556150246
246,-0.5848889772695187,0.6861758890306386,0.7758883767169614,5.908105442507128
247,-0.8238202469659468,0.202148990880466,2.20637228955576,0.41751249471937113
248,0.18247991021949372,0.054729202334100786,0.9270295913448321,-2.3630780147340773
249,0.3575987791670474,0.6615212404851554,-4.019216850706703,-6.617564853390865
250,-0.32648301487553233,0.4827108798098294,-3.537983511144075,-0.5204073596715668
251,0.18142041088318556,-0.25578039436719635,-2.6077461528964117,-0.39966504449693463
252,1.2152854477570243,1.4522462946603634,-1.619943432937605,-5.798141926267803
253,1.549225260869044,2.291012559468997,-2.5773324782357836,-5.604329313477524
254,0.5571564887616807,1.2956013604895154,-4.520911138397152,-9.117973877844143
255,0.23146597901430285,-0.3917434044762466,-2.1382377192388464,-4.682072367225298
256,0.8302016567554688,-1.1114282178389956,-0.01836977268614559,2.080354003292514
257,0.3518366754327581,-0.6960137848898953,-3.382786297247456,9.46866055374363
258,0.5209708881909586,-0.9446336152100228,-2.9996626349627684,7.445423313250899
259,0.8301422816769832,-0.772795873599799,-3.695900981925843,1.6714611724614405
260,0.24215570363639422,-2.0637384515536255,-2.0216388997700214,-2.0736933500819696
261,0.17606967006003504,-0.8667019167097385,-2.1959749629622873,-5.19222472157262
262,-1.4709744504835065,-3.7188677571124966,-4.586908656134326,-1.1055662125698666
263,-1.7625221035781253,-3.4518506565283986,-0.9268459244417446,0.42619915119855845
264,-1.6244278637379868,-2.580371772866745,0.18876247679223868,-0.46207384074524405
265,-2.0046552751597133,-1.9634217437113834,-0.7585069366087981,-1.7714437912687482
266,-0.8877513319199386,-0.6236617606134156,-2.6130317298897956,-4.540681022970507
267,-1.4696593211122642,-2.2668402564865193,-4.222829918777167,-7.374832156287159
268,-1.4692326662939166,-2.454367192168968,-3.4836484799355825,-5.377748050040241
269,-1.1834774777067834,-2.7404308607356826,-6.296480316247623,-3.611672124210178
270,-0.285319211517708,-2.9370514674803085,-0.9952850567354092,-4.186993347799226
271,-0.9604524053797715,-4.63957677295199,-2.1280599187945795,-4.744039648654631
272,-0.23480266849532594,-2.8935261277969433,-1.6291074717311345,-0.1898676551086519
273,-0.19446573771123352,-1.1666283061459866,-1.9925991405054204,-2.1857267309185078
274,-0.656050202578524,-1.8752520499477803,-0.9899246972207016,0.13603966312646437
275,-0.32659093506010994,-0.624329587184923,1.1147249403655388,-6.394074303776524
276,-0.17807244701435843,0.06743733194697843,-4.539530564739271,-10.95226146970725
277,-0.45147001854160196,-1.0893024005061072,-1.7880754915217492,-7.759617274671261
278,-0.3488484732653522,-1.0043054657852988,-1.5109954053790253,-1.563505230181605
279,-0.48917800070642947,-0.9330151256994919,1.1043308281285944,-1.1436421473938494
280,-0.35904262797484104,-0.011920772437606753,1.5731593129575319,3.005012799545442
281,0.025879103481908472,0.28835125692798846,-2.013922943312764,2.8832802397117225
282,0.8150056460322982,-0.9936238106793874,-3.8705616394076365,4.181293240964769
283,0.07384704971402889,0.6121169340813158,-0.31079210676779745,10.206483393116024
284,1.1292866795850578,1.5867855313668913,1.418922779959362,9.139428463387235
285,-0.016150222113951895,-0.3831315505673121,0.43436801542801484,4.326104423950777
286,-0.08962023631465077,-1.9233815716426712,1.6199527559913331,3.562292654141917
287,0.2179814023748351,-2.238125508711684,-0.0955136555302607,3.0019905202594996
288,0.32578012588612615,-2.063963632865911,1.9034934991424728,3.0660846040587906
289,-0.03443665290708969,-2.5598220612075626,0.76919388890812,4.52282196110615
290,-0.13333228014966386,-2.622645596355381,-1.0298387420949553,3.0015151401998206
291,-0.3598329054566307,-3.3182987583358807,-0.39057505185741537,4.3174241240103335
292,-0.6005403481102418,-2.3407317813331,-0.7658099172916867,1.8204846118240887
293,-0.08565824738319322,-2.6767295642334736,0.4625996305492436,3.4745967658100207
294,0.10569823270680943,-1.5097104819932339,-0.5563530678070427,0.13502892605069225
295,-0.2566112998295391,-0.7900904987126098,-0.5908750528335468,0.25081938914187496
296,0.2316803328615171,-1.86253383845782,4.597405964366312,1.3749640548179065
297,0.3505780433705942,-1.8758015106031742,5.104823807490323,3.8352781099722635
298,0.7044223962844851,-0.32707325489979205,2.982687837141021,3.283241023734304
299,0.9135734578036184,0.10969724087313198,2.436039815405271,2.030365100539457
300,0.36203993367203946,0.6739550531066395,-0.5629404541678611,3.6950169807640454
301,0.027643423522748733,1.4161118989096741,2.5841576426100157,5.381711637213146
302,0.3971437125559673,0.23665912457375207,1.4743921696587616,0.710745364010273
303,0.6427572883893047,-0.05053447561822905,3.1415152968622557,0.5442647686543005
304,0.5358928981488349,0.2369344044125005,4.1637997258367765,2.0631143412096047
305,0.5141726550809006,-0.062271052948668915,4.618039238380263,8.073865253310682
306,1.075879204712978,0.7098685766177542,4.927631749654314,9.320117092295915
307,0.6187116295881163,1.8370457036860046,5.428710729543116,5.132310248768954
308,0.7994535757349178,1.44673019717928,7.820153389059195,1.679312106684177
309,0.5784392131577332,1.3014694620108784,6.334923616368474,5.632841822612227
310,0.38283272957046305,0.8260639362248824,5.427274240464536,4.214381559570391
311,0.8747962461284886,-1.0395712800781869,-0.1394729559806871,-1.789779017732166
312,1.1562849837032303,-1.391150323475035,-1.2985560944341457,-3.6537417468363516
313,1.389597054148065,-1.0433829775323575,-3.31894180188079,-0.20606198004934972
314,1.8338968996030196,-0.8356527184271629,-1.704404513642357,2.4548280380085497
315,1.5693142854789461,0.15846694836588493,0.24648860772362413,1.4690527243692457
316,1.674893628304586,1.4574224963150244,1.3018020379964959,-1.560240904973334
317,1.26852620576217,0.38436548328951553,-1.7984516473062189,-3.794079908440814
318,1.2403304511420654,1.4909006876165674,1.2137085001776755,-2.792802136047638
319,0.9892093562869133,0.6268070013500067,2.0867492928130176,-5.312367068990479
320,0.8893259353402354,0.8322485200299441,1.4509844360090378,-3.8120089551525633
321,1.0535055577576569,0.46547286055165005,-1.2615570825198286,-5.607722538164615
322,0.48636938247727207,-1.259932897387606,-0.6174164218930609,-3.86438019283342
323,1.4596076129484112,-1.0953656770767148,0.5373612107484995,-5.608364655860455
324,0.7376577802562985,-2.8632665669746964,2.607852429284487,-0.9752489467803506
325,0.019914806823987607,-1.912046058711242,0.2526703649652051,-2.0257572777836046
326,0.5959830225504233,0.18952860003976668,-0.5575154156216952,1.0956019403788813
327,0.9024169161493277,1.3147568863443952,-1.9355960954385865,1.2981542508963897
328,1.079114287253006,0.9522100401150215,-0.6620454987341954,0.834253671543338
329,1.231419898797195,1.680832817798088,-0.7351727612853952,-2.641534333016695
330,1.0405835275541584,-0.604194774239617,-0.6313155547170403,-0.7274205621370834
331,0.4358688126781189,0.24043787220191598,-1.6955879190678513,-4.4558651313022155
332,0.4083907698732642,2.056531904043253,0.6136759038425239,-5.197727638050686
333,0.00855129863621873,2.063635952762297,2.3782918794737022,-3.23521829140654
334,0.4948284705496615,1.448193063823914,3.217117106967642,-6.441215346126047
335,0.34707550921614294,1.9307742292234749,-0.9607797560636224,3.0530028507162505
336,-0.11773441556253428,1.3007376241796098,0.056019497622333714,1.3009945930110647
337,-0.2607671740546509,-0.1440107161034982,1.4158654438924199,-4.966142625177036
338,-0.015186370808641075,-1.3700091300801607,1.1019792707411384,1.1381607894157655
339,-0.2947706915893323,-1.5505635871439374,1.7047048160475806,2.6856158491743103
340,-0.6616652856341482,-1.5386486844651308,3.5277162929863577,3.9033404556815183
341,-0.44057188704306977,-3.7777434552093867,3.869528786175243,3.729076904292994
342,-0.2520028184322479,-0.07052511328080763,4.926002322090767,-1.05192552503235
343,-0.4676739833529756,-0.7114179922212769,6.981222072922994,2.761609405024883
344,-0.6330420386591906,0.5219235518288293,7.143580353395466,0.8877347213063256
345,-0.42206076418149385,0.47318675980324376,5.901690710756916,-2.0249842586737965
346,-1.082793820302932,1.107035070228531,5.030521086797905,-2.1051714972699735
347,-1.6241066344457697,2.5542135700459863,4.205276016422139,-1.9456273430474547
348,-1.7397127499051224,1.1657440311215272,4.670165749821956,0.8984965695182996
349,-1.5854794132752774,0.4278951754239304,3.843268865850019,5.708705567740297
350,-1.1922037184849834,0.9612019246164779,4.033659424578956,6.990012326073632
351,-0.2756950522374598,2.1859096733364636,2.5049670638576473,1.648503631323488
352,0.19448901719916883,2.2224784948087812,1.3398907051310622,1.362897078642539
353,0.08534639963757995,1.538044529880176,2.2268672534143867,2.9818937630245044
354,0.06303633574059854,-0.20118621651966082,1.0507152913115778,-4.150408284798796
355,-0.44768379693939564,-0.44238042473318545,-0.5899181336895635,-11.003911945844706
356,-0.3897877953946812,-1.4325224864269823,-0.5829017196100991,-13.218246772942663
357,-0.4756489455455482,-1.283529150129808,0.4330894420722157,-8.245469697306822
358,-0.24294232354467124,0.2526548781287076,-0.6551327355186234,-6.211049695855913
359,-0.620116446789132,0.26668781360048155,2.9089716394509257,-2.8918630795562836
360,-0.2674257226501761,0.6919850218868288,2.0029061260452874,0.0996807948292685
361,0.5390575922486391,-0.5078562725704872,-0.444032065506514,-2.713918479952895
362,0.4038188791829145,0.027287486538899924,5.1631113633919945,-0.7560093422775227
363,0.5441019083549481,-0.3898263349619845,3.0191010684607797,-4.096155882337585
364,0.8075586179572621,-2.0292164823008267,5.881304796825653,-4.283858409242937
365,0.4858145893207546,-0.43759900559405895,5.547450768512567,-1.8131588482092564
366,0.5249886418278498,-0.5385107134214098,4.865043816284812,-0.8432388765537202
367,0.45253654594456977,-0.3957779425839658,2.0839881395129742,0.9128831359574141
368,0.43349411332730015,0.17750970047629622,1.835004374859083,4.194080558491074
369,-0.018034895599528145,1.123105948515187,-0.21491923576089134,1.279945155609942
370,-0.003074574130127565,0.12451156936207561,1.4002280521774795,1.9404449016258343
371,0.24638575761211645,1.701733922828336,0.7851005010782659,-0.9868267923821346
372,0.9349996978678199,1.796285123735391,0.6769344289957637,-2.7218232169935352
373,1.2743851562302504,0.9669573605960424,4.989540255354503,-1.4715594798006937
374,2.159818611551491,1.639242947181441,1.5614130740608314,-5.476833688392798
375,1.4521720383747423,0.45826483858497463,-1.3272460985666847,-8.489449666426072
376,1.67050655097887,0.5861240706644757,-1.7862932409107528,-7.908755183069612
377,1.5116015712012152,2.067294812019652,-0.024187075831292315,-7.104492291314025
378,2.3797628021298687,0.5395958485280405,3.4149885798689343,-6.054366024260219
379,1.6186492391328127,0.2745715821573367,1.5905875809767605,-4.968763151768429
380,0.9559909321725026,-0.056958895345057825,2.987783635721793,-2.4808432769326485
381,0.5128959696246161,-0.5609680632959386,0.7635657640962714,-2.1470500741686425
382,-0.6259862879739797,-1.653426674967184,0.5609023594545042,0.8087731457861134
383,-0.7949658556182633,-0.8711832003010007,-3.2400463701291073,-1.6720563356517641
384,-1.0552873080523728,-1.6178336763043544,-5.023986861988137,-3.4411556650968596
385,-0.821797318606413,-4.200379335622551,-1.6350535863461981,-1.295478517849605
386,-0.5276497329268712,-4.807708025951694,1.0731589868573932,5.530224267178488
387,0.4895831466201026,-3.5568365756259404,2.7559012934549285,6.99549815971965
388,0.8913575937201124,-1.623789793814423,2.861905508694074,5.1668331775649206
389,0.46920212683089396,-0.9391334361825965,-3.3808668901025225,-0.4834525512442376
390,-0.05038552786791911,-3.2291764667668037,-3.743810255715819,-0.616500021058406
391,0.2031318870655216,-1.8893924383582705,-5.504959554352107,-2.709320876538658
392,-0.4874544995046277,-1.8771385175414654,-3.78711316461073,-3.665623687304516
393,0.5013930583482433,-1.4443018557308605,-3.0677485248448924,-5.136851919535017
394,1.0159041599566503,-1.270279787004162,-0.20688583528270166,-0.7691819033493068
395,0.6289307099108004,-0.583487031905132,3.0866574813825545,6.313377741693232
396,-0.3219761611212585,-0.7688132267101915,4.4615397642354555,4.27878344955397
397,0.40325645012963673,-1.198656723695363,3.9398009388449284,-1.2097002996036883
398,0.2854980599838823,-2.1002179316079803,6.129687653445665,3.196990008569506
399,0.8615815069730308,-1.1616682260143891,3.6742673390468683,3.8541192654756538
400,-0.0648695484701074,0.3783422575140094,4.644904559520266,1.3923457443985787
401,-0.3548266276764777,1.118006666435555,2.0614664184652236,-2.8587477361162197
402,-0.29898078366591446,1.4513842679460374,2.1705698254304844,-2.9273956504558143
403,-0.23064336923365625,0.07267101927797709,3.629060293826274,-0.7259327876446255
404,-0.4210795995882296,-0.9459560343578686,3.4169692097091433,-0.6296009585498448
405,-0.046492693476245794,0.0768285223982823,0.9796770827327494,-0.3019837194719288
406,-0.5733290041461061,0.46620468920351077,1.1197368631007552,0.845610076028193
407,-0.5585193960348369,-0.5314497449052913,2.807045639429009,1.6934489482320545
408,-0.41459367077366194,-0.5979348934459829,3.8976328680214642,0.35913575211302073
409,-0.09518520312823814,-1.1811646023084332,8.051084359526978,0.22885774483664578
410,0.2749000163854425,-1.3107916935100312,7.118432830551718,-0.1052267664334674
411,-0.32865603199130855,-0.4466571649050361,5.951666753043689,1.231062179494244
412,-1.0464147125604235,-1.2056675772492362,1.0406813237183363,-0.22365018510838508
413,-0.2506140947271054,-1.5182206473723499,0.03052029664950595,1.6830590549356004
414,-0.04686497452824376,-2.6209651072612514,-2.268140286279309,5.004931292653684
415,-0.414078496627284,-2.5292230883170372,1.8037030643499468,5.292410569816701
416,0.42360926562807005,-1.8416664047501845,0.9683960342538949,5.934921302796182
417,0.4179051929302888,-0.001238584485945049,-1.769229953553356,6.341832244760044
418,0.9448680060226586,-0.4613605327030149,-0.9612683488117822,-1.1533239807936533
419,0.8368970458243142,-1.2980632667423402,-0.5416650783397726,-3.6763556143670395
420,1.7417364513916607,0.29765381965803306,1.0033796047302879,-4.704630827037259
421,2.358146404904514,1.091727572042472,1.6618106048914871,1.9903924875955636
422,1.8799423699293003,0.8360801569199432,2.431702270031649,3.637945890704774
423,2.083736489917083,1.201175402729259,1.6670735005845299,-1.3065016595454289
424,2.0938639912220944,0.7652525915441514,1.8873205923410619,-4.067957950457894
425,2.4641001713049544,1.2033218262673502,-2.1138953149056583,-9.438080155220538
426,1.6120234153191588,1.4523308267276644,-4.60930457440225,-11.923124863664556
427,1.7132456330205046,0.3042049654350091,-3.712466418020878,-1.2874672071127724
428,1.9854710314922228,1.5260113416622247,-3.1434683147987013,0.17728835905181173
429,0.8082806335568321,1.7265190785463025,-5.052479257819902,3.2825274729001688
430,0.09540928219041978,0.4560661011228575,-1.1530753913938985,-0.3496322188746262
431,-0.9385181990181934,2.5379364066665926,-0.565524489486131,0.6660322252236137
432,-0.9324438863877432,3.765558931999787,-1.1995155622480058,-1.1319450145858767
433,-0.4338061755316006,1.4966794314255083,-0.15759094294947107,-0.9203970952064009
434,0.38244327684615353,2.691125579395073,1.514052618393767,-3.091333882170562
435,0.36212417552911813,2.9167628794978744,-2.287781918811546,-12.173211118986144
436,1.1221133219853963,1.795884286558136,0.03568109333432412,-6.128591277220926
437,0.26374559458014113,1.4894710786671743,0.5120109423275562,-7.266858574403879
438,-0.6275074642844574,0.11839346720960331,1.7631587035927496,-0.71837105483265
439,-0.5611551940900982,0.9230694158271112,2.667486096907684,-0.5553269287490725
440,-0.2849491905069298,-0.14697213846383927,-0.2420701263023357,-4.23279541189665
441,-0.2585541859779369,-1.1550617162546337,2.3414079383720297,-3.525317128217529
442,-1.2534921081011847,0.21823522967796316,3.5967426803022375,1.359627366054418
443,-1.1100283116424012,0.11294645325520769,5.431454606624952,3.0609773928608885
444,-1.5957588151484676,0.3535259861958724,1.9194120603353229,-4.574239834875843
445,-1.021558718461178,1.419311518133143,2.538846099368686,0.9297562015018987
446,-0.6850257876435772,1.0675443701372926,0.23582753034702075,0.21452037908391736
447,-1.0522118126607183,0.06348850361447378,-1.9646376967006403,7.578856600526963
448,-1.1513134994299572,0.32264313543985423,1.2892575931243762,3.010475128006199
449,-1.5082232354599394,1.6167549981155427,-0.36754646858977713,4.554482226597417
450,-1.3133292987775345,1.3518765577388532,0.7552446394020877,2.907078274729141
451,-0.6387587437102851,1.7660106332173346,0.2756961412723517,-1.7842140630751344
452,-1.035807955321514,0.8434156681675308,2.162646908293117,-1.16417956348652
453,-0.6284135042643647,1.1335832077589025,0.6965919931697389,-2.0926699930411505
454,-0.7992802878109304,0.17914269883607514,1.391559497474137,-0.5327038829877004
455,-1.075824660770463,0.18730949680012432,2.6929407947509363,-4.661186783649171
456,-0.9679661416321724,1.0416631004470045,-3.8189702960388794,-1.4555051533465562
457,-1.3403923815970336,1.8597853085365126,-2.9675616017474895,-2.8397312140026543
458,-1.4161581770310696,2.17202782927132,-4.54481053466637,0.42733467150768134
459,-1.8026733967708335,1.717263333594098,0.043160770201688514,-1.491842010814654
460,-0.5499098207970138,3.9428180483827067,1.6595023368068023,5.792245902613914
461,-0.4497915716915974,3.066404058642765,1.3879330178338178,1.0489695167355035
462,-0.7321855899341505,2.00049768884009,2.763183257965545,1.1366858719156565
463,-0.515367796076917,-0.19926172141078324,2.723276707747187,-3.6549865805515394
464,-0.49422665151079437,0.08992311243780232,0.671136483814039,-4.0880086499007104
465,-0.5305774535507867,0.633915856963875,3.6055018718368776,-0.9001069616105879
466,-0.14390748549645604,1.7998362365439697,6.218297045908411,2.8135879967006368
467,0.25643249235166493,1.5655941971100158,6.441143062510082,5.428462321733349
468,-0.047282955306348545,3.385562301317307,6.650646322220101,1.2788507870780021
469,-0.32809963233273626,3.376832452395409,4.7730063124389694,1.1754191143212096
470,-0.4164105360586478,1.5129258467823563,2.5461421690967594,-1.1613048542054054
471,-1.504909538017643,0.7817549492669043,3.633715087176089,1.5789266081765005
472,-2.036768638414273,0.02171559009975388,1.2892887273264928,1.2473341140044312
473,-1.0478162089298695,1.7353485377340938,0.8540202206487495,0.23447502724262284
474,-0.0681599208397472,1.9463851144457207,0.015157269812369312,4.838249087079336
475,-0.18245395249197427,0.6178065834503301,-1.9028567422202347,4.843341254703243
476,0.1331926219097051,0.9850657497962574,-0.1416528198327036,4.088976126225692
477,0.2688388058950174,0.3390899936991647,-0.21066926344436704,1.2302221196625
478,1.7679533892383836,-0.43228364324194746,-0.37023628834327277,-2.472811095580397
479,2.062547836569914,-0.7639642316708573,3.1224579549443465,1.0480798983528707
480,1.6892068653440437,-0.4516220066063539,1.0927205120665278,-4.219225974365453
481,0.9580556152422243,-1.196213386914261,-1.3067106242464885,-2.02153299458431
482,0.011124112827104349,-0.19149466989433447,-2.353445481205377,3.140279820864221
483,0.11118731383665025,-1.4248238197594927,-0.8030170136408042,-1.3043836029332279
484,-0.28366615588099897,-2.1901280765868605,2.08820244897805,3.9247669759744253
485,-0.9522430872976861,-3.271871899617504,1.7589974686792555,0.04137995165519004
486,-1.1326930663242964,-2.727661135117867,-0.8604575483923451,-0.16538456791717
487,-1.5035631081828496,-1.2325712495151295,-4.110028821150586,-2.23389927065468
488,-0.4344578244191397,-0.4622574302133334,-3.6449962444487296,-4.614919101857392
489,0.07153072771845653,-0.3011865733704018,0.3268720292320757,-0.6794892924468956
490,0.056814797902379366,0.9886979155539929,0.9509778710035484,-3.7897922843682417
491,0.7882646476620354,3.5933944707408956,-1.0925743448875833,-0.5705664930623766
492,0.7087091043365392,3.3010484672526257,-0.21532846477004308,-0.8390428208865542
493,0.17176063802192648,0.4115014885448419,-1.5081518145450845,-4.2698731787916
494,0.9075585809534661,-0.4224927724078668,-1.5361470498884093,-3.932447607139741
495,1.0408798156527754,0.4011592339057587,0.5563071037770699,-1.4712109464623762
496,0.3661247661416309,0.3536524507972119,2.2121411648354656,2.087722166041327
497,0.21603671217858217,-1.9264120687742008,2.379504903068215,-0.9781777983648702
498,-0.25417792134058376,-1.3419990072570862,0.13580615453221245,1.7545980386640405
499,-0.9074510986216642,-0.9389229347133713,1.2575731026291819,-2.6127322483333337
500,-0.3082446600625939,-1.8326515866730646,0.7403162182165026,-3.2479623210276958
501,0.6927003591818605,0.7914692121921647,-0.9157362720102067,-10.428588124690537
502,-0.11048848160498925,0.32756446779184356,-2.6248692822003714,-3.6519837741393504
503,0.18756940898104457,0.9885202288845494,-2.462301717527197,-8.096871272065783
504,-0.1658872869270256,0.0051543576903053945,-1.4784869402206924,-6.639836961758444
505,-0.3845668857703198,1.5193593429120322,-1.1675428176989797,-5.331677315737618
506,-0.6230788150242064,3.3306064256346146,-6.849740702135262,-2.3598341225362196
507,-0.9616123776104835,2.522283896862039,-5.5354033162713305,-1.5364008542047944
508,-0.7931097069964974,3.5077452239130404,-0.13519217297971142,1.766656158555572
509,-1.0896183091525415,1.3718169756668832,-2.6390060877539776,-0.1591477888797601
510,-0.7909471498897409,1.2026801153093454,0.2514469939194779,-1.3546541890979302
511,-0.6974241321308482,-0.024988703590378858,1.7738784032238537,3.1114363085472823
512,-0.7122845357444259,-0.3007926055709933,1.662231114702122,6.118599902456992
513,-1.059223686403561,-1.4971048528991369,4.367360745243042,4.8039094436721035
514,-1.188725798727193,-1.7296519162846462,1.4811396278660336,3.2513497938720906
515,-0.6327213160052362,-0.5093216267156704,1.043538698671955,2.432063018348245
516,-0.2873545247922603,-1.8977637832909617,0.6095913142332438,-0.9875913457855905
517,-0.7330289684726967,-3.121579115236779,1.9029046468202817,2.003965974138709
518,-0.5734084704871792,-2.8994112477976604,3.1680351057685696,6.681053123206249
519,-0.11170363822820784,-1.4716368303703549,8.327278134328642,4.069370197530158
520,-0.9296507330546625,-0.007211861491654092,5.545828142728046,2.1401651652422014
521,-0.5185230269064955,-0.23776474634332528,5.732393398202139,2.874554849097204
522,-0.7720564523434446,-0.5021529773362842,7.406378006025021,0.9051445180048867
523,-0.37094865019534823,-0.7058386072670615,5.466197965494283,5.049604288413832
524,-0.6969359309373044,-1.4562073469541201,4.203877546753638,1.3257787672507875
525,-1.4948365916289683,-1.6793558911821953,6.176061987080696,2.893081868730454
526,-2.0843823218262045,-2.4394588388999296,2.2688931750869537,0.8562148049611729
527,-1.7476825002215828,-1.23050380187198,3.6685413953709647,1.3585976228361951
528,-1.3556688743276044,-1.1740360970295411,1.2856370041106162,0.10716316059733305
529,-1.6044768557306681,-0.7002599542012888,0.9328157043295875,4.303363888306805
530,-1.044509097982381,0.6675551833731953,0.49142064740176983,4.339613914996612
531,-1.7185927644195038,0.6570853877945824,3.6682507399706337,8.141783642030667
532,-1.4938437490802365,-0.3145768281152086,0.7538569762066507,8.431777515057439
533,-1.8752752865994293,-0.2879842731394775,-3.4708178174447424,-0.1525158126000632
534,-1.9199020475105943,0.1730626294596036,-3.147490960916479,-2.5791804577088033
535,-1.6082174047257982,-0.12220026234427128,-4.206686899894226,-1.5868185667574926
536,-1.7971914766589046,1.0259296230338655,-2.354263090719498,2.657446488230418
537,-1.7198905272749816,0.4635006615989048,0.09580244992997078,1.920234696788082
538,-0.9587605435765141,0.12103281182540815,1.302850934270209,5.46316086983283
539,-1.1033923968016113,-0.7688231951065044,-1.5019051175314273,-0.06265071850044424
540,-0.5200374812487987,-0.09655397642542524,-3.892726484830445,-2.853443505476307
541,-1.006885286390288,0.2292701118602979,-1.4864526342697806,-1.8737546242382148
542,-0.5909504044741034,0.1126336279646839,-3.1319534184165585,-1.1427794768748518
543,0.2184764665259623,1.5911067146776416,-5.056018710256488,-0.1684618373396003
544,-1.0501172535165768,2.3649662839517034,-0.2268257004667631,-1.1464346592065167
545,-1.2910472932243287,0.7548140525967475,-0.6551263059967019,4.021188070995762
546,-0.8088541356504093,1.433133462624656,0.19931816776776112,2.733929351700388
547,-0.7890487083243442,2.4544148982054756,0.9660123733107224,1.0654465151799994
548,-0.4851184653900381,1.4981249900344633,1.0921224514066372,0.28809355546806303
549,-0.7143432889394427,-0.27668821697415746,1.0975113437337884,4.33908820825863
550,-0.5638969018620763,0.3655099412611482,1.609407294727133,3.6986994336349097
551,-0.5571509842788046,0.6190846335433199,-0.029584462700758207,2.1396649353123136
552,0.11031269419291978,0.19657574599134414,0.39552460890115004,-2.2366253291202196
553,0.22097621171458837,0.7685801425576957,-0.8996216853407313,-8.13471907924042
554,0.3566311109950012,1.0747384515969176,1.0453054926682772,-6.067583638532053
555,0.09719796128451735,0.5545875882119143,0.9322891180493107,-5.071752686055714
556,-0.16118484494440702,0.8577736091708237,0.7330162379544787,-4.65271075154924
557,-0.3532862121125564,0.2400471787254877,1.3854599726883654,-3.9037791969482667
558,-0.1030672091065245,0.8692270341891648,3.3370964063989006,-5.537406332056525
559,-0.2980993681506773,-1.9744160719715704,4.3684091675274495,-1.5061267087854067
560,-0.10849703447986925,-1.958091205173302,4.2583822919320715,-4.6888188436818865
561,0.9454779200148306,-0.8106307392371751,2.533771577967843,-1.9676579070768043
562,1.2392185837284522,-1.478971442261782,4.690402389290375,1.000390632950207
563,0.8903240300852637,-1.5242148540738545,1.7647405836520988,-0.5765909046068769
564,1.3573823866544465,-1.406080777046927,0.00044088981344470035,-5.01888357172053
565,0.9497373421455039,-1.195326312749173,3.3950180812319424,-2.214088293208895
566,-0.21178552676524864,-2.948084341031459,0.6886889201816555,-3.988590532643375
567,-0.6840608532091634,-4.050071047427566,1.6200108892971241,-1.1149397339222715
568,-1.5168476857407167,-5.052087198212266,1.8497406762491622,-3.39153433461445
569,-1.4650772749002634,-5.247209898370588,1.0942056158426636,3.2942787221457506
570,-1.236106494070448,-5.40716951218947,-0.11567515621241298,2.044216699691515
571,-0.21247186382223948,-3.902473420109557,-0.8249304212565376,-1.7268932703154023
572,-0.017137397366822238,-1.1731800864839983,-2.3912149602894455,-3.434869229983982
573,-0.12411705216623102,-0.18424856510462292,-4.120071438306995,-2.67684208881796
574,0.30920329625044823,-1.5012819500925114,-6.502990905479548,-3.537500739835396
575,-0.8427448526910616,-0.7158293729305777,-4.624650326174359,-2.4235055281544464
576,-0.5985258457331193,0.1167721063077446,-0.7868124594087851,-1.9804268106433462
577,-0.12331437192966799,0.19554879931535385,-3.695383500051575,-0.6145747777682002
578,-0.8441103390301385,-1.495845360879792,-1.7341092519532308,-1.8889116544646223
579,-0.14561676657215317,0.7538285804608742,-0.7339747695645644,0.022881616343517486
580,0.045473952160876865,-0.2827838380871541,1.6268734881893603,2.265615441114113
581,-0.1689910976136553,-0.72717656162013,2.8827621330436974,0.5632117961936932
582,0.17274850008153542,1.282789685886475,3.374124170685146,1.5242738086310577
583,1.282182653971503,2.103918363969764,0.8401006273341594,4.446451548310227
584,1.1807883834050252,2.4906904199941047,0.8693417755934706,5.078980970737993
585,1.1277804190444396,2.0930275316572646,0.10287652025656313,0.16612083739205288
586,0.7289329064176516,1.3753003716130605,-2.091719019481111,-0.6914741671620489
587,0.19467078572260793,0.9360210654762581,-0.4462078345101608,5.466310185401714
588,0.5806380761363396,2.3551876443670263,-1.8808505686291437,4.6983056391858
589,0.06550045176145497,1.6251603680387856,0.67217931930571,4.676350407381747
590,0.09145850260693296,1.9659901189791542,1.4789222548640775,0.6916657163439894
591,-0.16108899616666533,0.10784255813792615,-1.5606181042846738,2.3021574805688525
592,0.10256426613153041,0.7501318570467257,1.3962214440897969,-2.1516270222971925
593,0.254010678855275,1.0583674778475392,1.395245235968054,-2.4125355576304814
594,0.7346790491559334,1.3208713245329964,1.19517461830566,-3.954991845904467
595,0.36946899235516983,2.08681230414015,-4.154367307756053,-8.764851745470263
596,0.17911117585520875,3.0778221806731616,-4.22130411929462,-7.2230350183083925
597,-0.33713735841422626,3.1718479593316573,-4.556946440570577,-4.574449228813046
598,-0.5087133846901482,2.51762254844295,-4.76723200379179,-1.1371880146633755
599,-0.24375613046419983,2.350130799081319,-5.586456753433982,-2.454498886987607
600,0.17130159742810608,2.3525326993639513,-6.499011499504288,-4.859639640383562
601,-0.31547630427492257,2.49428055683201,-1.983984100413322,-6.297959601700006
602,0.16664810141914593,1.2693043837941331,-2.6561131482143425,-0.79582225840511
603,0.8194698156087494,-0.14945736819279198,-6.294500942388673,-2.578626002897038
604,0.9032667948792874,1.1658514642669142,-6.093324504353973,-2.8390136145829308
605,1.7061746819264272,0.08393489953271949,-5.8613028850231625,1.6653317871937465
606,1.0633538800856766,-2.2243558667367496,-4.809329537900575,-2.305598623208569
607,0.2815234464171166,-0.7070443197790169,-3.6723934540101486,-5.05137301138501
608,-0.6500651949975902,-1.7959402164904126,-2.3279572183838635,-0.8320794677528766
609,0.19546673999663988,-2.6663105180748397,-2.878203471342049,-9.697004248361175
610,0.49332955717417276,-0.8322636915064501,-1.908551316420384,-4.925446315361789
611,0.3915377881428193,-0.7542615001254982,4.656221339073403,-0.6445620289398031
612,0.47279143308130656,-0.8452151752130852,1.5774749824339764,-3.434770659925032
613,-0.16087180553007768,-1.2703875717838051,-2.221810751939744,-2.696847555448454
614,1.0861349551078472,-0.238767304449094,0.3965290793530878,2.663659697161026
615,0.9878253028292838,0.2158463285967674,-0.527210582417406,-0.15026667613373232
616,0.8943489047073377,-0.34445256668757157,-2.0254426796124387,4.63296557793969
617,1.123079880950583,0.18744861971132348,-3.986020607675994,0.9213715748786209
618,1.1951225146763522,0.3212199203254121,-0.4291934686273202,-5.290661634436814
619,1.127796149614465,-2.0592266188300536,-2.3999806502112495,-6.000734025038568
620,0.5633894994496393,-3.36369676810741,2.1699306732640125,2.143827160685526
621,0.7146152531001913,-3.5615807449624906,4.797486857480163,1.0035237744561742
622,1.5484352133726795,-2.4347533952278138,5.38367107917491,6.8450882563790785
623,1.9888799544442666,-1.041284533852071,2.9592113170422465,5.785069040436225
624,2.487141274597325,1.5824605637281397,7.892535723150141,4.578593106944662
625,1.8584622451921338,-0.0846125454127038,2.979975928474799,2.0289760188001855
626,1.084890498284023,-0.10495819916422722,2.082493554682005,-0.4245633379272278
627,0.8592634634915954,0.4027211107504072,-0.78140965098412,-1.3726334994200178
628,0.7582364001122035,1.3497315680300368,0.011939787680328662,-2.0440887488279116
629,1.191596699330847,1.241256532931866,0.5921418924718598,0.22259480543123505
630,0.16662487957381023,0.7441675196312738,2.035254066774397,4.24639333084939
631,0.9064063073680455,1.341115636667451,1.0086870196462465,-1.4445693374063033
632,0.691441411973344,1.6542428579926225,2.047971906739839,1.5556277207779041
633,0.3742846652036323,1.7359372346108475,0.7901195270226764,3.416565846486549
634,-0.18791022220699632,-1.9338303386546554,1.1219013335006127,5.83389459308658
635,-0.9871520248088316,-2.430771269110984,-0.8138873540453173,0.871963038304011
636,-0.4274939291065495,-1.4543157450942812,1.033592104383153,-3.4717802921308145
637,-0.32671085614636514,-2.8240903937061983,2.0303585928180663,-3.0598017321600697
638,-0.9226846775949373,-1.289770319498332,0.4036174889935402,-0.09819164520482974
639,-1.4318213619875046,-1.937193744238149,0.3704234353434545,3.030896771745874
640,-1.3849405073344432,-0.6253269980486746,-1.5810806346933242,1.989794031775073
641,-0.34268866858958014,-1.095782886313368,2.1917706747785894,-1.6988074951447683
642,-0.4210810439829455,-1.1240153406153206,6.039291252474001,-2.057749117745799
643,-1.1094903639445568,-1.403618925764834,4.992402642560917,-2.761546757865043
644,-1.0659383413958454,-1.7980591471257168,6.812918406014891,-0.26674395913207327
645,-1.0424093750603038,-2.4137408804260843,6.007866402932814,0.4249441986902649
646,-2.234491290272044,-2.469571905182245,4.425731926264003,0.7684540524048579
647,-1.9264650299901434,-1.8450558845619316,1.2053288958249213,2.9875656223186824
648,-1.7529625405959608,-1.9793020171011713,2.0649201469832246,4.79963064951623
649,-1.1419149770998576,-0.3867148120047197,-0.6524040732340137,-2.935332474697736
650,-0.04614968306220635,0.7243102435797076,-0.5091132088959118,-4.679842043500228
651,0.5240552841710033,0.5668705821771094,0.8376134606968155,-8.17313646489826
652,0.31100264626793755,-1.1277199541241503,-0.6996473762746009,-5.39304499697909
653,-0.28891070504308825,-0.3084305271235057,-2.6341247333087687,-6.754548409295741
654,1.041105802338305,0.6686593743328929,-3.1727739613826813,-5.372823696521786
655,0.9145491489948034,-0.33736963253425595,-1.2281225854781326,-9.67271430505949
656,0.784331422602056,-1.9676887265464025,-1.152908117332653,-5.137637911813671
657,0.6546191656567459,0.022996304518902444,0.7792808534271485,-1.2049815553461953
658,0.6554686711921615,0.26167108587413934,4.159913596361498,3.708408152298687
659,0.484968164551366,-0.6617206292014713,1.422344610902946,-3.5555538790091017
660,0.12539193642854296,-0.9998538220070378,3.0469936594591664,-4.295511232577768
661,-0.16684632465593457,-2.9096894978475976,2.7540105546003155,-3.3778201767640006
662,-0.15819601106554357,-1.395470988301491,1.0258561294645863,-3.5311456057855786
663,-0.4061789949725945,-1.1485341420108057,-0.37026660825739244,-1.6807859621892633
664,-0.7016750370652876,-0.3751390200897703,-2.4103570260139353,-3.6648342811858132
665,-0.5432086676595459,-2.0575850269104845,-1.6988607011637173,-5.813239605720469
666,-0.5892159762210416,-1.4501392370139174,-4.398640544287041,-3.46937228244756
667,0.25116291450345896,-1.069266224373716,-7.478385694760933,-8.826150047396546
668,-1.1119964268685658,-1.2436527337521963,-7.099599707993781,-6.0947463237773505
669,-0.39944353687705003,-0.5983624721846035,-4.9512732157842585,-5.165268459832477
670,0.283515589903322,-0.4230617440163279,-4.424957346309733,-1.962307456347639
671,-0.7957068647862511,-1.9255374677062,-4.715885478234789,-1.5871737329213533
672,-0.8476946321084877,-2.219619656922168,-4.142867146413282,-0.6665794164547025
673,-0.9062608702901103,-3.323384526696593,-1.307317529437045,-7.573771624025386
674,-1.4740775871055043,-3.3666402496652523,-3.045807099986984,-2.6160648887502678
675,-1.6418742928351164,-1.08505578182803,-1.9798470517894566,-3.1546282401454526
676,-1.9508810716427634,-0.46357143828267344,-1.360832394235804,0.8973198926917462
677,-0.7821136891845374,1.095451188273712,-3.457571374696319,0.5191469528681094
678,-0.1969574392331262,1.4780605853491429,-0.8006003693510042,5.5049172816175345
679,0.46836372414892213,2.2330825065385005,-1.7401424482137622,-1.9680036509951404
680,0.7589451975482013,1.977851102941818,3.022417723877207,0.44149955897595883
681,0.08057753230735654,0.17405105277078467,0.8517390275156083,0.0757381286009636
682,-0.19376923067863377,-0.9482453415934979,0.35085269264908236,0.7745124677733806
683,0.07998343453712031,0.4644419497100582,4.520979372085952,6.506424725800205
684,-0.5430779850894204,-0.6791740949605428,5.185364470646046,5.162819934836309
685,-0.10511707223981331,-0.39489243831641013,3.363043834646101,2.7533369773084795
686,-0.20951221048290883,0.39466207382912605,-2.2992785236083684,-2.3665602960309897
687,-0.3654957826852713,-0.25695273071316643,0.8796417284201596,0.7986924709967891
688,0.04480856881926515,0.4581925187509707,-1.9600681499138204,1.3899825544668958
689,0.26021893923939526,-0.5547551827944434,-0.3552668474178222,0.5401724477432708
690,0.040703015443946,-0.928288604157337,-0.2747612825996214,-0.6314584131351813
691,0.6142624648094781,-0.9264654183224476,0.1583841867594654,-3.477921862703592
692,-0.018408568711892337,-0.4787664401525179,-0.3003916413850162,-0.025643870729260998
693,0.29232052006702336,0.34911772442265576,-1.1741822610351207,-0.5159662776059525
694,0.5450230710411618,0.9720572928204213,-1.70235955383245,4.168265545433617
695,0.30849639072799234,0.6072554922731983,-1.3903687322158773,8.949501215050113
696,0.4252884432398525,1.0754327542242041,-2.883296085401361,6.857374995621809
697,-0.2640616114387769,-0.2279184960008263,-3.0257904026245237,2.9960260155644125
698,0.23756113988049016,-0.32458873427647744,-0.29501384196709757,-3.037482715293372
699,0.10947590067692212,0.3513743396694343,-3.234916019666147,-1.2939067178923147
700,-0.16830699468413596,-0.04066062629085712,-0.13056839342714532,-4.424380194575654
701,0.38144366743692903,-0.552137832936693,1.314014373056407,-2.470185493881332
702,-0.027944727949989978,-0.7017126138703796,6.59781225007636,0.9520168620085023
703,-0.7279836669392713,0.3343114685228641,6.1526926446072485,-0.6613444622459699
704,-1.3971007036603325,-0.5737674550997726,4.580312997481216,4.173750987996545
705,-0.8845306224384627,-0.3096437324129587,4.298739196685753,2.9099093527753515
706,-1.3920657053208347,0.015689773852656463,-0.7371136094575572,-0.17739223521965847
707,-0.30585875853052713,1.6723275196825682,0.7802187531545477,-2.387520792282026
708,-1.3009446486928091,0.975378645759363,-1.036780636768599,-7.067693964804511
709,-0.2575747672438685,0.9249096424239656,2.3708999066940413,-0.23816044656966828
710,-0.11342981855597904,1.6379754931158796,1.1180951076702357,4.230584570292522
711,-0.14477190170777837,0.6028865455158645,1.238281072671445,3.5844816649124684
712,-0.3955156598560865,2.356006750771561,-1.153339499759383,2.326554096802062
713,-0.1366202537016381,1.1914918953298703,-1.632068025725419,-3.2078529303690315
714,-0.13494456685881656,1.7153845778965415,-1.7809169189955623,-3.24148632278809
715,0.4369480591782666,0.8437419913091445,-0.10063052914592596,-1.4817940471589497
716,0.4285196746325464,2.01077375343785,1.960893113849541,2.262139016195676
717,0.4393926041686032,-0.755007609477333,0.3778131986500355,3.085832954689227
718,0.1916776074363848,-1.4792409904742125,-2.989511584881276,0.519438112240808
719,0.13445315446039335,-3.037522034030929,-5.231559824250253,-1.4027795883898504
720,0.2681860657373639,-3.4783117956037333,-1.7988673421305938,-2.1229238730317377
721,-0.6271260404515535,-2.9097094124652005,-0.007601940015586672,2.9940905246777443
722,-1.207149845436677,-1.0704497351382614,0.3912441781386813,0.6071360709643573
723,-0.6544453216098178,-1.4721003104166308,0.2213661632869371,3.9335379620878435
724,-0.4708458043043742,-1.4365336041701553,0.33295500756398255,3.0421515250532694
725,-0.49221060183505766,-0.1328373532122314,-0.12070824220510648,1.6632654082321308
726,-0.4091620450271024,-0.40814581127808536,2.024873616653797,-4.891308207421669
727,-0.17399688559220153,-0.09962473955695778,1.4035129884167148,-3.659624633111581
728,-0.41777719290805204,-2.3203340998671926,-0.8550636072798828,-7.573277944141392
729,-0.7442629766730006,-1.6149064547963832,-1.822729237126187,-6.128437001828678
730,-0.5347009026232097,-2.4758907162627035,-4.832181233590302,-5.514229637531956
731,-0.9436821560372443,-2.54727599265934,-1.8777239516640518,-9.212293141120231
732,-0.5980034547744217,-1.9980679309216893,-2.7195684434317773,-2.166947873912596
733,-1.3595947386771785,-3.440496606419786,-2.491977955794259,0.2154298203272762
734,-0.64107770921278,-1.4973099210328975,-3.8981125122680282,-6.283116362177816
735,-0.3086173116243415,-0.7003912408903552,-3.913189270862283,-3.44322734238936
736,-0.13430984772375243,-0.3198162331565807,-1.3690778372487555,-4.950872102619441
737,0.3771821214075674,0.4074746468162005,-0.8063039799028835,-1.318943255014079
738,1.1533420254277207,-0.08092241072455408,-0.12823205419975947,-1.9459884170796908
739,1.4875257541226277,-1.4544094765900073,2.2533993903034197,1.8349250070488523
740,0.34395977533841093,-0.3552940181729599,2.35408701111894,2.9145381957649223
741,-0.34742267433020146,-0.08070279431466243,0.31610668072702897,2.555144336404137
742,-0.6077185620285106,1.7312990738808358,1.5094305447975371,1.077176867949442
743,-0.5035152526188171,1.1815930590753452,-1.2084174339203744,-0.5722669313087683
744,-0.16915845449143302,0.24830384655898308,0.9114720981159263,-2.138339480438932
745,-0.5066565928944509,-0.548668593490981,0.9497951421115589,0.25890187815369314
746,-0.33727472172174405,-0.988317255137932,1.6071227971633135,2.596811925584659
747,-0.6643749796401437,-1.1959537722424152,1.4913821546730854,5.960542405649664
748,-0.8704776341900962,-2.5396517908281497,0.5264186733766396,-0.24752344581257554
749,-1.4432365374856928,-4.032081320560848,-2.4963637783353074,2.517166063188032
750,-1.688367679918291,-3.7824506794520727,1.3474266403525277,2.6103441592456305
751,-2.110954830738714,-3.1758879619182907,-0.41069196273341313,-6.956979889605216
752,-2.282248232616573,-3.2563223690767407,-2.0794310404061616,-0.3507207796179852
753,-1.4130900994201674,-1.2667658743570664,-1.0262545123754947,1.2558659372663135
754,-1.6758260289231137,-1.3488335442845265,-0.43157561458009436,4.35621608996815
755,-0.10826109216595126,-0.7184456380744128,-1.3324591122212397,-1.8628742865270504
756,0.15463702209938607,-0.2240803040065992,-2.2201763894120865,1.493792379454503
757,0.2238595306319151,0.13915974963394462,-0.4204858899887769,3.141057976795026
758,-0.23889828905347896,1.4433845231803537,2.697984064978625,2.9966474793780873
759,0.14709139400903856,-0.006661836563925334,1.668357473255962,1.1506283328650226
760,-0.1627912282112042,0.5775882857979231,0.9092659828760341,-1.5857976557486573
761,-0.07736763665684285,-1.1760950076817476,2.355098136881839,-0.5954737576756248
762,1.214279777976081,-2.297543094438339,0.46651427118070754,6.512218256287999
763,0.984107861417344,-3.4751789213928292,-2.4684655084044236,3.8584167043561157
764,1.4111283453475802,-1.913764087470688,-4.3334130192396305,0.5569329217702987
765,0.8478708809824995,-1.1688581953746973,-3.980964614330654,0.9384073542034832
766,0.7031960035866437,0.12597958977009538,-3.466484712300087,3.63637738150958
767,1.4831169208664021,-1.183134056887008,-6.3959868055365625,4.508156727401467
768,0.947165853842558,-2.057556504458328,-4.211663265054831,4.965938358916684
769,1.7113152547646386,-2.1021892460900617,-2.6020134751986963,8.65451322553106
770,1.8084939342776805,-2.4095526800858544,-3.8711870523971252,8.75409808147204
771,1.2559864561888945,-2.851425328812931,-2.589594609342801,11.698839553551304
772,1.3837923572883208,-2.9059349807636385,3.6342313717395736,5.158165108738107
773,1.6625007285084377,-1.3052717415361892,1.6341371294468536,0.0245347721962903
774,1.7240306003407702,-1.0859438008091788,-1.8548228624773693,-7.268698714386912
775,0.6803136503444264,-1.7085915014807926,-3.2309022445912055,-8.672489716755688
776,0.21469801488032814,-2.024411578969105,-4.065708897642223,-0.11569968087513649
777,0.05873399487252655,-1.2668068763492815,-4.5494198195052835,-6.567931027254317
778,0.012707181091624421,-0.5464112265244176,-4.560939432613829,-2.9034041174163896
779,0.32113715270321974,0.7094043950332768,-3.673061073348552,-6.989677061811961
780,0.36181708026436366,0.9496041277343489,-4.839212146437964,-6.865253617024921
781,-0.36012766113034156,1.1839969532625902,-2.879927921081213,-5.812037156775747
782,-0.1160095864578087,2.86846227423532,-2.3514863054795536,0.13007332362784219
783,0.20668472415277417,2.56308892111668,-1.3305069967082028,-1.1410203972717543
784,0.455577239495378,1.2152477154669132,-4.773513796316877,-3.0203831327076
785,0.9276310163483822,-0.21852887238315644,-1.0701585282724198,2.7514976181310806
786,1.205447441170577,-0.9051189077012347,3.2092725327953846,1.7153785775915504
787,1.2542203646092087,-0.49881223478330095,2.2643097001338646,1.5818215291259823
788,1.031004454188504,1.377015633473403,1.113312249538605,2.4220202998920306
789,0.045873319302232596,0.08363238362369355,0.35139738532093523,0.11054885809525054
790,0.25380143097319063,2.0591985106465676,3.1279340312624124,3.0474460164241743
791,0.3195750599087676,1.784200852058352,-1.6371112960933942,-1.5113286918673532
792,0.4074282195201392,0.4088947593807738,1.5775295781434626,-3.714188524454315
793,-0.2920603013180364,-0.9529404396544476,-1.2219598202166047,-2.055564352518751
794,-0.7887795263244621,-1.5336510734615918,2.4821839004353317,3.135569860347043
795,-0.14388617070934107,-0.8903686903995215,2.7191367650340967,5.94023902710046
796,-0.14208082203126743,-1.1244847395247488,1.959185505300888,2.709277366403828
797,0.2199816499597349,-0.6854767606986504,-0.7651659887343192,-2.138485197995614
798,0.20114359053100525,1.024842523981782,-4.943115037729763,-0.9167244058654447
799,0.18585012169922704,1.8994875625001049,-7.391138507353396,-0.2970649936581391
800,0.6271145064323418,1.6721386872282564,-6.602204569736863,-1.0084893888988868
801,0.2750249663588036,-0.8868139612706395,-2.3113077025247235,-3.632388188346973
802,0.28183160987547473,-0.4266301746481959,-3.156093925713512,-9.16259746971368
803,0.008419224041632284,-0.27116273207253555,-6.37523119873395,-7.122109003859218
804,-0.21009177328077036,0.5830823531808749,-5.121117385095835,-4.3912732855401675
805,-0.33316406902297446,0.32544460285533267,-5.051466416597196,-2.646197376948237
806,-0.17212257285267185,-1.0043654858794082,-3.60366946810577,0.895870536678518
807,-0.38567849775650975,-1.0800635832467973,-4.20533085699836,1.7183638401272325
808,0.3000513396937271,-0.19976016737479071,-5.584110957954975,-2.296549690499929
809,-0.19226001237008394,-1.7652380037962234,-5.249442278622504,-1.8210378275852963
810,-0.25685683259525083,-2.0855315989916416,-5.3688386668109525,-3.831785541998041
811,-0.4381938368430507,-2.9768605885335426,-1.2654076735546873,3.8877896082054653
812,0.35102418086027337,-0.11235135418454671,-0.4280140020370472,3.0188936397593573
813,0.39664794198701964,-1.0810950984435626,0.9553864660683908,2.5246376108470834
814,0.8530730204232841,-1.126070128235005,-0.6844667871471697,-2.8993178613581767
815,-0.017668119158694484,-1.1995269240718718,-0.8947977328852849,-0.20428466808068535
816,0.11850723164973911,-1.37207103337748,-2.72807390223149,-5.65906096590873
817,0.5455465447139968,-0.7275241724201075,-1.0142212962496426,-3.638565862239849
818,0.5048565576446093,-0.8091104757232058,-2.5643446107356023,-0.7335884863908636
819,0.9618682615305936,-0.12811847784543262,-2.159870274506062,-7.524066122357019
820,0.5589437972508184,0.534376361734384,-3.1315003089261904,-4.398856635732118
821,1.1797759477559855,1.240766801530608,-1.5448284366497809,-1.4301081677201302
822,2.1522586174022127,2.5855711030138395,0.8901324807120992,0.9136419537887718
823,1.6480005445720511,1.9543904247020407,-0.018459583154256887,-2.0154343389906977
824,1.1780492021858575,1.4597294135331675,1.6115147762856552,-4.763765335613574
825,1.7280340604168294,1.1171246463439244,1.6022224370570715,-1.5722288413290095
826,2.258615024219661,0.9229280163941654,2.04027500298511,1.1472036871690259
827,1.6583927570100778,-0.060487972248148836,2.7992148904904344,6.3253977188676735
828,1.1995404349106373,0.34595959417203404,1.942841169857436,-0.18842561458423723
829,0.8787170652437882,1.1393079545782203,1.0167049966500192,-1.0587324542476773
830,0.07468424994008149,1.0616637132485691,-2.719965703528584,-1.6437311544507658
831,-0.39584436079302987,1.2428867945739461,-3.8538333471625705,-3.6144887170992117
832,-0.8385380900501094,0.7006266071685568,-2.695826704404487,1.3104472716064963
833,-1.0966561590946573,-0.2725440287949976,2.1663417945996537,3.1674855571885128
834,-0.9495001789238492,0.9536511758960935,2.37853906195101,-2.715566957229
835,-0.6899677858170115,0.9674497179948945,0.0019299510472403636,-1.5116679688676031
836,0.18877762846257873,-0.8313363623322877,0.8617048216661255,-1.664803229117307
837,-0.3387160361762036,-1.2146594410376237,3.4404728334992813,-4.063240216292142
838,0.2042525684885188,-1.1302854620757865,0.8492878081806805,-6.582261380999429
839,0.0666202611024865,-1.1266745571525338,1.8486988775264908,-4.888424776428774
840,0.031895367110897056,-2.6307801856036557,2.43969036886271,-3.4533324181624176
841,0.3645208081275644,-1.5037584694021657,0.059803720892976475,-6.8821203149795
842,-0.2515183238727196,-2.081046119924907,-1.0561666109563885,-3.25097160746737
843,-0.022585702199786367,-0.3451096794772578,-3.593318277362395,-1.4236707005560498
844,0.06402825723670963,-2.1010069540715826,-1.453018518955825,3.5151267732817946
845,0.3006496506552777,-0.3665580617838089,1.0742039010841968,11.215755923874474
846,0.40013652501089514,-0.5845397203343843,-0.1383989426126917,4.395118771530384
847,1.5677661162147078,0.8237975712721985,1.3213894350343696,11.19551064454271
848,1.0137312066568438,-0.4066802056642943,0.9742390698004431,7.19591850864078
849,0.5961730481574083,-0.10628197546170465,0.6020134569450287,8.11343659711097
850,0.19517682772141492,-1.6329202638751168,-0.49200939928130755,3.0758821887152994
851,-0.11183825601692465,-1.029549965799547,-0.9658267465048478,1.3408028760558257
852,-0.4137560812676448,-1.9064500859466735,-1.436847164458116,1.248693820521559
853,0.24281559647627782,-2.7260024856755205,-0.28859027842400453,-0.5920043798526533
854,0.9166453809997636,-1.396830844154877,0.7665521463306892,2.0378277647606216
855,0.4937754269750608,-0.7513815575932963,0.838868992221731,-1.50806663949007
856,0.0035313263766873493,-1.1322769208381525,2.639430427878667,-4.082647697090133
857,0.2387094056133863,-0.05871045410155938,0.1647277503607123,-5.4898546455584185
858,-0.07320852736910727,1.3646289680978656,0.25286293499959234,-6.8978725336715865
859,0.25423866061401423,2.3306986991491483,-1.1435426734189182,-5.857681050052913
860,0.31756437194756193,0.8299591575872255,0.2212410737618814,-1.8058517746523342
861,-0.4879423413431883,-1.9709075017336497,1.7546078005197039,-8.287313296575032
862,0.35900161052332075,-1.7237091991620501,-1.9018266445774659,-4.887478029156587
863,1.2030902054925834,-1.990203382313176,-0.059165009333117524,3.19821362430201
864,0.7162323294265027,-0.6206784432984354,2.093517408837826,2.095722619402984
865,0.41494670004453527,-1.1037451264780596,1.8170572702450343,-0.8470179728010941
866,0.4956373904003074,-1.884804489423778,-2.9318757937113116,-3.3154187156535437
867,0.5885201768337738,-0.3366524663994837,2.024842458324981,-3.531173911717042
868,0.8295142866451228,0.2537225628983837,-0.038095821265226704,-0.2607503546281635
869,1.7101894130315292,0.4405708153279556,-0.39367664145176684,3.403548814813395
870,1.365187387329775,2.3212518350021867,3.033992640402054,7.360518245066554
871,0.7612606569610818,2.0270184646209266,1.0041680187967474,5.176419244359427
872,-0.042588055590344065,-0.2501727688895664,0.0788415302382861,4.260962736339467
873,-0.40166486722275196,-1.9801582492013718,2.516089704728626,4.391609310757732
874,-0.3579786235762377,-2.47359261633735,2.383417415682355,1.0016830725799883
875,0.5929971017190918,-0.33132500475713,2.636026357439133,2.430849383325059
876,0.2452418869431423,1.2038545369859215,1.456872162548048,-0.82947146269768
877,0.3203495797211202,0.9655905663532137,0.7341047947051946,4.47563407299273
878,0.26408569472657617,0.1841978304214935,1.501784045604103,9.99940891018963
879,0.8186694772416317,1.2439527313745105,-2.262125509646639,7.105992205027426
880,1.9593352685921976,3.235179545139167,-4.18760501942318,1.5773486545154556
881,1.4000005918432077,0.7651911469999796,-4.185231596644361,0.5813045421462366
882,0.9452807818076154,0.08934673923735365,-4.9038377518125,-1.4529671105241908
883,1.325569103071009,1.085079592704978,-1.1965888489156509,-2.7568569434245234
884,1.4676794824235133,2.055605207001645,-1.5756297994967143,-5.82395716283285
885,2.170881222928003,1.8805472769302876,-1.5112067417288766,-4.61976353397076
886,2.137213132151784,2.1218977309565314,-3.5486016542010317,-1.5276127377960942
887,1.6369851169354868,3.0587864587206095,-1.349635688514666,-1.4053839271698312
888,1.6867647647413184,0.2970316393052246,-1.7530756876781592,-3.6340242591465066
889,1.9881018403215744,1.3001647783295875,-2.5651046382569733,-3.597525496247333
890,2.1001276548720202,2.8921115988247053,-2.9742829301881795,1.874602280201199
891,2.038745522194866,1.8788526597047688,-3.6647460437840653,3.8629287073206284
892,2.266271038660213,1.1872654008777723,-4.861129849285021,-1.137184705895315
893,2.5109781780840175,0.3020677746186171,-3.745790382936204,-2.8718639649660522
894,2.8254109468901785,0.7262828786623503,-1.433619904126701,1.859994706624108
895,2.725954248651473,1.4941996327020446,1.4814080808940435,1.8423482189556044
896,2.233502071195325,0.2861274891848973,-2.81032976528531,-0.2717792455416722
897,1.9718336037326873,0.9615217587200068,-2.816090814099109,-3.4146737140403163
898,2.279313046426963,2.6529111442160414,2.4713054947636524,-0.2146624076224003
899,1.5289482539693005,3.1387478138249083,2.031346832722753,-4.697804799626773
900,1.483942670310356,4.7231062105990285,-0.7417394403170772,0.06608423577955874
901,1.0646818636001223,4.127209356799275,-0.5077252999526473,-2.7726550979101865
902,0.9193519955275127,3.5085724063355563,-1.7920159243495934,-1.5886693936722887
903,1.420675127502035,4.371082456190848,0.17858064171496957,-2.122683050193453
904,1.3031233923866814,2.475777783616099,1.27829578896951,-2.3993964312289875
905,1.1308731576067537,0.940108167489387,0.3760623931470376,-2.740510699892761
906,0.28131411347578095,-0.26570141374400824,1.760967320752305,2.2980847067495334
907,0.6122437794680242,-1.1498140313446226,2.3406620974688104,-0.16273856795337027
908,0.8431493031183582,0.0699146293601024,3.394685658017761,-0.12387060764404101
909,1.7983042693033346,0.9741319616331231,3.3619485103155298,-2.778054539246824
910,1.3746695114313339,0.18787179502109252,2.384351724979297,0.775228292785201
911,1.2780442485486032,-1.7503971737649153,0.2803929857727536,-2.955358947310639
912,1.2110294531216903,-2.3270933999493773,4.239835442614489,-2.2426233534517523
913,1.818101675035174,0.15806781996246388,3.2846501795573446,0.09403654254316374
914,1.4977386575864218,2.093621895627609,1.254786317413045,5.354924125018208
915,1.412588621833628,3.5610535882693446,-0.19641080644709974,0.9147173184786306
916,1.5046485834168535,3.3412886735575085,4.243244149555682,-3.934454117180413
917,1.3722558574825046,1.5636935307189077,4.78428604688758,-6.302652016831434
918,0.9432006715848648,0.4390061678709336,0.40089006964190244,-6.481620191210876
919,0.8987655672962888,1.1794533191549674,2.035829935308756,-6.5747414431364435
920,1.3007666071317314,3.643141246956082,0.751146217976799,-3.961767698811424
921,0.5923939663564415,3.3759770763008836,0.19028485889384938,-3.164643857633437
922,0.5700197084764133,2.7378295769100007,-1.4432875801474492,-7.760429438393659
923,0.13445634473536466,2.0855021198906516,0.04663413731946453,-5.535626899738761
924,0.7118112074874812,0.8247039557475795,3.7910964756206464,-0.0821933383971758
925,-0.15655392602752838,-1.2857366639173553,-0.6350541116435866,-0.6442710519492564
926,-0.4125317607591933,-1.9317506261793904,-2.072292835363311,1.8913934013033304
927,-0.16204605911305384,-1.5886887712265658,-3.248628983059036,1.6982027690918562
928,0.6450228643710745,-1.8133979785974195,-3.857085976663229,2.103159467109881
929,0.5153943041789194,0.23489875184749978,-5.604230785937794,-0.6719016524347432
930,0.16048539520548227,-0.8410766536869515,-5.8349714940097055,-1.9607039596369136
931,1.076991120644955,-0.25387684627986895,-5.081021546207515,-8.278762359374353
932,0.19143550234008966,-1.5550902660492099,-1.2002925439296321,-1.0727834972499353
933,-0.9366828013209647,-3.175150837195604,-5.371561490979891,-3.0382365812060623
934,-0.5761731560961538,-3.2394140751744653,-4.28669046540222,-2.22258140009681
935,-0.7407742948580363,-1.1683686779185,-1.4741638032885784,0.2900117256762559
936,-1.1402745591946875,-0.7587981279893186,-2.534029762014651,4.862468491246033
937,-0.6150551516658076,-0.4316205376313284,1.0402960315481031,3.837164525430293
938,-0.400896522030337,-0.5483406123954004,2.8061110101654405,1.1324154619948206
939,-0.6228013590941506,0.5496659898830198,2.5513689442114034,3.8517737662454983
940,-1.1695333545654751,0.2279898644337659,5.103059939160127,6.742795670423467
941,-0.5578746872405815,0.12784576987020224,4.824154677642072,6.49707369052797
942,-0.14909289517516383,0.7130916672081888,5.674609024732758,8.867887491137147
943,-0.1763168927885807,-0.46056440913518926,0.984151880687739,3.381694052463183
944,0.7734491391535393,-0.18292072611529275,1.534299385397008,0.8029295381585255
945,0.12238938511743214,0.825776295489774,-0.32335844470062547,-0.8189961497192842
946,-0.658731608112552,2.060047168448383,-3.303214282895356,1.88595997209481
947,-0.9058759018362914,0.31312112661518043,-2.8950611106630744,-3.011299584948089
948,-0.7927875247385966,-0.015073367766642476,-1.2095115728168675,1.2887388096337875
949,-0.5521996713664611,0.2172452419723544,-2.0905122590059038,7.010419120237517
950,-0.5899877495896568,-0.09968035763534733,-0.48550195797918416,9.275742419937455
951,-0.3254618888940599,1.0139109092276481,2.132768916463375,5.510260628287947
952,-0.9024123176551729,-0.7473730068464668,0.5943281548534861,1.2573719727685497
953,-0.04516816797026724,0.19558164466983008,-0.2918266307318811,1.0313846265213913
954,-0.07946853197101156,0.957208629848452,0.007809433029611651,4.79000771521549
955,0.491099663618704,2.9254515234560072,0.1272184424624423,5.406600541694628
956,0.5887973872647505,1.1570442088522153,2.3336054373971864,4.353627816011638
957,0.7288543887519299,0.9559764520050131,-3.414981653360507,5.587692033433282
958,0.9044098705552424,1.263974378740438,-1.539487617700709,2.213235608698681
959,0.9926026699806134,0.9661391500500102,-2.32988359581,0.424406432087424
960,1.1650736494172933,0.027588694279968573,-3.5786083983158314,-1.1518789635910829
961,1.654888867070915,-0.9086609062225302,1.8242116555634085,-1.543998155582238
962,1.5049161218610128,0.2985431644270875,1.3224683999855866,-0.3860753157663516
963,1.633680582376117,1.0849988218128241,0.02858856189734371,-1.9639102305782261
964,1.3437606478760862,2.1006352757516424,3.772686210772212,-1.4240494161265207
965,1.8622551584194096,1.2914267558685193,3.5779735193064335,2.209939304535728
966,1.2447207336268633,0.2913740984319401,1.7646958358208311,3.169026742051923
967,1.9584828400382417,2.6065134920977613,2.374333478604396,1.7908147303583264
968,1.6446314387103336,3.024849618773875,2.276865658114105,0.940798377368703
969,0.6825491718447595,2.744855669194515,-1.0617192764209162,-3.2140238628757896
970,0.6442190035234402,2.863233802722796,-2.3604058529775394,-4.733928301186502
971,0.20706032425748377,0.11208368531657573,-2.871277142698636,-4.778758861303286
972,0.5963230501132233,1.5122536234115678,-3.030423724569176,-10.802536165093219
973,0.18056260294504434,-0.7312426050256449,-1.430737615470424,-5.012553447628864
974,-0.06961350410410216,-1.4324075307625423,-2.616291290307651,0.30236976487917655
975,-1.0039418439612524,-1.503663648189538,-3.805161905660805,1.7703278940705143
976,-1.0795037269916028,-1.2305021680453478,-1.9622891464241365,2.9970293293004104
977,-2.1295178312573406,-2.320051548677953,-1.0807862336657494,3.6079464128145533
978,-2.602041568311601,-2.52333534733468,-3.8985768582659643,3.5748594898496986
979,-1.8315280049927123,-1.9779944681632804,-4.009152816077746,0.21635907584344838
980,-1.1638987249183894,-0.8549252249575036,-2.4339088905547035,2.5402677876235855
981,-0.7765851352881487,-0.1261102824633954,1.8873412409749655,-2.353951246868298
982,-1.1435854365595328,-0.31934164966596656,1.2630255607805365,-0.9172839143246393
983,-0.9959032991465928,0.12595559083085517,1.3534131653561938,-2.5740765372321732
984,-0.8483190738198881,0.3111068873488374,0.7506329224153098,-2.761052944734407
985,-1.3002535573431762,0.09876938673069091,0.3624364993693061,-0.62205029972994
986,-0.3535163728581243,0.9779061590407037,-3.5404549698375027,-1.7477891661539822
987,0.13819222835843004,0.9011547377443456,0.23872548702524732,-6.441551952948066
988,0.006981307189833558,0.5008771398497686,0.8158940482242574,2.1311130449821247
989,0.01937703060862391,1.4058304220628246,2.338951727625828,2.789997597631481
990,0.12066187999110657,0.541254028285625,-1.1816371040020377,-0.20134760614380204
991,-0.9183048362197047,-1.414765647345566,-2.5157019936747584,0.30801924275276715
992,-0.9041478020470475,-0.7098435394461692,-1.3683314059960756,0.35899554453354826
993,-1.1095177557388896,-0.36517144398491175,-2.2557787163870424,-0.8404460215284348
994,-1.4439000973255138,0.39869336198417904,-2.9136440654123312,0.6741951992793014
995,-1.3678652291696642,0.22774173106302964,1.745473482452554,-0.4902161294672518
996,-0.26384218136945325,0.9494387989662701,-0.505862136093278,-5.234670818179281
997,0.09615557646946965,0.6920381070512296,-0.5972765837242051,-4.261353782980591
998,-0.20385725489234918,-1.1290497766562553,-0.9911788218394239,-5.345849298670868
999,0.11301272401958248,-0.9347917392533408,-3.842055683119218,-8.353507418493642
